{
  "schedule": ["0 0 1,16 * *"],
  "metadata": {
    "description": "",
    "name": "BugBug data pipeline",
    "owner": "mcastelluccio@mozilla.com"
  },
  "task": {
    "created": {
      "$fromNow": "0 seconds"
    },
    "deadline": {
      "$fromNow": "2 hours"
    },
    "expires": {
      "$fromNow": "1 year"
    },
    "extra": {},
    "metadata": {
      "description": "",
      "name": "BugBug data pipeline",
      "owner": "mcastelluccio@mozilla.com",
      "source": "https://github.com/mozilla/bugbug"
    },
    "payload": {
      "artifacts": {},
      "cache": {},
      "capabilities": {},
      "env": {},
      "features": {
        "taskclusterProxy": true
      },
      "command": [
        "/usr/local/bin/python3",
        "/code/spawn_pipeline.py",
        "/code/data-pipeline.yml"
      ],
      "image": "mozilla/bugbug-spawn-pipeline",
      "maxRunTime": 7200
    },
    "priority": "normal",
    "provisionerId": "proj-bugbug",
    "retries": 5,
    "routes": [
      "notify.email.release-mgmt-analysis@mozilla.com.on-failed",
      "notify.irc-channel.#bugbug.on-failed",
      "index.project.bugbug.data-pipeline-start"
    ],
    "schedulerId": "-",
    "scopes": ["assume:hook-id:project-bugbug/bugbug"],
    "tags": {},
    "workerType": "batch"
  },
  "triggerSchema": {
    "additionalProperties": false,
    "type": "object"
  }
}
