commit,label
aad73ea6c76650cd7b49cb85e880a39c1b875025,0
10a638a8c0d0644fca190c3c54957139ab9e0063,0
cc66af1cf473e495261f72ef856dd9668dcfd249,0
9d7b7b61088d92906a5581d2ce4e5bc7c1927313,0
082988607e1760b7e0efe64d4d8455e32cd3818c,0
3078e96b71fd667a3020998ec734aebc5c4082f7,0
fdeec504ed0467d2b573af091ed92becbb45b9d9,0
461d07650b52d3c61d8784b3f2ceb70e8c0dba3d,0
424fd31971f1e80b69f40e4f1e133bafb9a96ce8,1
a16372ce30b5f6b747246b01fcd215a4bf3b6342,1
e3a6f64071f2f1f82da639a7d09749839d5f053b,1
8e94abbf3ef96c542a1319f74f69db3c40f0634a,1
e0fb4657355d4d8052bff3f1e8baac265b5efef7,1
d1a449efbe4446e696311b21f7bdfcd709b82a26,1
47813ecb1f4e0244ded2f7b938430bf52c927751,1
380817d573cdfbfc4a4b4a4647cf1a53bb52c3b9,1
b54db66223586b4e04f5cb926fccdacf8a176b91,1
06698dfb37848558b9edaa6fb947bab0259fa3d9,1
b5c4b792f3f2a047e3517472d72842a76afb77cd,1
ec7577dec4fceef0ac2717416d9c48289402d935,1
e7854b4d29ba905ae3994f821b160c989bac4260,1
49adcf9a70abc9df4f11a123d181aa7213a20615,1
e8599930659ec05c16fe6e71f43b708c5ab3b2c2,1
15ea2e33fcd49d5525bcc8408099f016c55e20ff,1
f0a91d36587266d7454a450c6044d573664fbed5,1
9ea7aabf10fbf326e43daaa88b30f477b4ee3c32,1
3f8100fb74318f9e0b3b6351ade737994d13bcf8,1
92091d537161e4df0986113e26762ed801190dfa,1
20729b28eb1e1d7f0d9e9e6e2c61e7050f09884f,1
e8c7dfe727cd970e2c3294934e2927b14143c205,1
7d76a0d3d4027b6a0571a19c20e9956ba3b30120,1
ac4464790ec4896a5188fa50cfc69ae0ffeddc08,1
fa21071e6b31914526aa7fbfc47b1c402b36fe2c,0
fea7b827a5d2fe16a2a77d6537d7d7b0f06de721,0
0b3c29bf0fb89bec1c86f5ed97ec238a5327f9fd,0
9480726de986979132443714b9f9d6e89f0b4720,0
1a95c30ec47b296a732041a9a5bff2c0d49f5eeb,0
3f34857aafdbf233f34c5dff34929a7ebc9c34a7,0
77dec35e81b0d207dab682e660088f81cb4de41f,0
99297e426f81730dda7dbdbf298081c0c79016fd,0
5fb409f61b9358ed34360c80c420376f1c4bca0b,0
a15d75939cd5d820507656f64edae9a18e10918e,1
a1cb80516a0061cc0e0e3312e93b6a2585689367,1
3d9424eb6eb473cfd14309fd635ff7d6e29322c2,1
81b2a9d689799669d2635daff3ede4fccdd512a6,0
c7e467ada390a9bcbbfa23fc260d4b4f21d06efa,1
5f1e6ee8b36ed31ab49a17e67b32f114f0bb4bb2,0
7bd96dda75f03267736c8e628995c0481014a139,1
bc91ce9bde7684de9873f9e623c3ad5fac238c42,1
c6f5c1bbcf761369c0d51f85ba1bb110f2f40fd8,0
a473e89432f38e88e46a6f6144421532d40f321d,0
55c1f447549d5ad6245f8f78fbea89ebd5350b04,1
1735d098ea863982696383cd25fbb6857e0d2f6f,1
01ad949468fbae50dacf3a761d91eb479546619d,1
d3a746cf592db1a404ba3b0b2173f8510f25c6e3,0
9426f36c2b774e2a48496b00c6b9e5ef83ea03ce,0
6063eaf3633fec74f5289571c7dd2ef36ab07074,0
c4b1eb619c413adb871d1970debd988371874af7,1
a08a7934fdd76fa617fd7998933fc668c558fb32,0
bfdee370664467f2eeff14c29e6156d231e50b3a,0
114ca1fc9c51036e4d2cd151125bb7c77d4b3d17,1
3152d79aa59336db4f5527b91926806ffb5d4796,0
cf560124d28f3737353c105eec79677a7731d2e8,0
3d67e45f994a3ae1ae43479c32c2ed63bbf1a7c8,1
178243415be60cfd4bed7adae993736ab0238f12,0
d19089f751447f6a1a1443c529111aab34945298,0
fcc0936b576daa150697671849a191009ca33811,1
b2bc8ace9ca2680b2322eab29cddf6ee48d5d818,0
3d82a3fa52dbe1b7621364a4c3ad3d92c5ce5d12,0
5d1d3f47d4f73b7974e8f83b79f896c5b9534ae7,0
654b04ab210a0217d58602f89be5cf132aa57f78,0
c83b1eec0a124f2322d6166f9ac10ca9e1d39952,0
ed03003277e0cfb0cc09c7b9710f852fcec235e0,1
ce5c79c0654b4c888f5fccc6405b48abaf605fff,0
cd9ef901306228b25a79b6e4f2d0d1046e829cbc,0
fbc54f707dc421f8132340e45fa2719dbdc9621b,1
8090b323f5d11719ebb83c99b3b0de26e69234e8,0
d19472763d1dbc039a14260444781308b4e97f29,0
6ee8241b984e300386da617fa9304b288989fdb7,0
e9cfbd2b4fe2654522d8d325228a529571f4a55f,0
e3f8717d858afbee4127d4aa1dc00f559bb0d031,0
0ded74baeaf23d7985401fe9bbabdb3d9385ac22,0
af6f19870b2a00759ac1d83dedc3db57213abfee,0
67f91dc6f365556fd80d129496706d9cbb50ccc2,0
e3decf7e8200fef8f1428e13785fb0275cf2780b,0
8fdfd63fe0f7feaf359886e119be67e9ae5960ce,0
2ad8dd54b5f546e253fbca1095215ec169ebd7bc,1
7513f724a303b272b1b29990dd9b39495b9dbccb,0
1075b94a522dbadf874f224312fa542d3fecdc9d,1
aed6e75d9b0ddb1c27962d589f025b32438bcbff,0
f5922a7ed25a9aa0683f57bb43e2a53709c385ee,1
2ca118eb2eb6329d939677c308742d266f813dc5,1
509b327a4a101f685f9a1239a6f0512581aec058,1
f904bc721e7d256b20cfa7f90ed5f29f5433928c,1
704c58d8803e7a0388111af34325dc1964cd4a3b,0
822d7f1bc602f84332b13e258738aa3b95700691,1
cc8e481fd0e16fba17ab6786a3f5212ab814c0e9,1
e3e420a10be0c7b2037fab085aa7e25633b6242a,1
351182a4c9dc3a7945cb5a1bf69df8fd079d8c13,0
61a1a4248d7e957967a3a8e8771c0c55d8a270ed,0
b6ae6f738d81f876c26e93f8ba351d2bad3214ad,0
6c6375cd9adb9b2d86e24c5acc5c81ee7a38b38f,0
1b5b474332d97a93691dbe9a03485028a9a66046,0
5967bf6335748dbdeca580449b34c20a45d8a64a,1
9c05fa3c0fcceb4f557d81e7a740bf81992aecb8,0
ef59d327a1a45ec7ccc9a6965e08c2325e64e336,0
c7f52a048eeb736f701a09e398ea96bd64f825a3,0
4d16c3d62cfc0503075206bccfbd3b32ad396e64,0
97b72aea347c896e1429de4ca15624a12833a46b,0
0e3e0d51aaf6eee8f95fde1dd93849ce732f96e1,1
51a55dd05602106f88d7407e677e91e47e59137b,1
25524fdb85d87287cb2996dcb0836e5c750273e1,0
b586fc0813746518ee5bcfa86ed7d4301cca9fac,1
7d76a0d3d4027b6a0571a19c20e9956ba3b30120,1
38c11ebfb8ffb0c57c7c40d6518308d30087cce7,1
603e887cc9557096701e941c20524df5d4e45a81,1
5af581c74d4b81694445ad92854b9406bb99ef28,0
c4b8473cc55999b5e89c53a24128e8a075881327,0
110d394581c9faf281580df80bd9bd22bd3f9e0c,0
4c8047937892e27f48f343ed2ec3e3b1ae8ec4f5,1
48eaa84c206dbdda637c57b55ddbd07e975ba103,1
2b8e623fb40c24ac40b420a310c5479655e8cbd6,0
2b9a70901fd8e97f413c7487d9b9c10f35dacf50,0
