bug_id,label
1527782,"task"
1527783,"enhancement"
1527786,"defect"
1527787,"defect"
1527788,"defect"
1527789,"defect"
1527791,"task"
1527793,"enhancement"
1527795,"task"
1527796,"task"
1527804,"defect"
1527805,"defect"
1527807,"task"
1527808,"defect"
1527809,"defect"
1527810,"defect"
1527811,"task"
1527816,"defect"
1527817,"enhancement"
1527819,"defect"
1527820,"defect"
1527821,"defect"
1527822,"task"
1527823,"task"
1527826,"task"
1527827,"defect"
1527828,"task"
1527829,"defect"
1527830,"task"
1527834,"defect"
1527835,"defect"
1527836,"defect"
1527837,"defect"
1527839,"defect"
1527843,"task"
1527844,"defect"
1527845,"defect"
1527846,"defect"
1527847,"defect"
1527850,"task"
1527851,"defect"
1527852,"defect"
1527854,"task"
1527860,"task"
1527861,"task"
1527862,"defect"
1527863,"defect"
1527865,"defect"
1527867,"defect"
1527871,"enhancement"
1527872,"defect"
1527873,"task"
1527874,"defect"
1527875,"defect"
1527876,"defect"
1527877,"defect"
1527879,"defect"
1527880,"defect"
1527881,"defect"
1527882,"enhancement"
1527883,"defect"
1527884,"task"
1527885,"defect"
1527886,"defect"
1527888,"task"
1527890,"defect"
1527891,"defect"
1527893,"defect"
1527896,"defect"
1527897,"task"
1527898,"defect"
1527899,"defect"
1527900,"task"
1527902,"task"
1527903,"task"
1527905,"task"
1527907,"defect"
1527909,"defect"
1527912,"enhancement"
1527913,"task"
1527914,"defect"
1527916,"enhancement"
1527917,"enhancement"
1527918,"task"
1527920,"defect"
1527921,"defect"
1527922,"defect"
1527923,"enhancement"
1527924,"task"
1527925,"enhancement"
1527926,"enhancement"
1527927,"enhancement"
1527928,"task"
1527929,"task"
1527932,"task"
1527933,"defect"
1527934,"defect"
1527936,"enhancement"
1527938,"defect"
1527939,"defect"
1527940,"task"
1527945,"defect"
1527946,"task"
1527947,"enhancement"
1527949,"task"
1527950,"defect"
1527951,"defect"
1527952,"defect"
1527953,"defect"
1527954,"defect"
1527955,"defect"
1527956,"defect"
1527958,"task"
1527960,"task"
1527964,"defect"
1527966,"defect"
1527972,"task"
1527974,"task"
1527975,"defect"
1527976,"defect"
1527977,"task"
1527978,"defect"
1527979,"task"
1527980,"task"
1527981,"task"
1527982,"defect"
1528019,"defect"
1528020,"task"
1528021,"defect"
1528024,"defect"
1528025,"defect"
1528026,"defect"
1528027,"defect"
1528028,"task"
1528029,"task"
1528030,"defect"
1528031,"task"
1528034,"defect"
1528035,"task"
1528036,"defect"
1528037,"defect"
1528038,"task"
1528039,"task"
1528040,"task"
1528042,"task"
1528043,"defect"
1528044,"defect"
1528045,"task"
1528046,"defect"
1528049,"defect"
1528050,"task"
1528052,"defect"
1528054,"defect"
1528056,"task"
1528058,"defect"
1528059,"defect"
1528060,"defect"
1528062,"task"
1528063,"defect"
1528065,"defect"
1528066,"defect"
1528067,"defect"
1528068,"defect"
1528069,"defect"
1528072,"defect"
1528073,"task"
1528078,"defect"
1528080,"defect"
1528081,"defect"
1528082,"task"
1528083,"defect"
1528084,"defect"
1528088,"defect"
1528089,"defect"
1528090,"defect"
1528091,"defect"
1528093,"defect"
1528094,"defect"
1528096,"defect"
1528097,"defect"
1528098,"task"
1528099,"defect"
1528101,"defect"
1528102,"task"
1528103,"defect"
1528104,"task"
1528105,"defect"
1528107,"task"
1528108,"task"
1528113,"task"
1528114,"task"
1528115,"task"
1528117,"task"
1528119,"task"
1528124,"defect"
1528125,"defect"
1528127,"defect"
1528128,"defect"
1528129,"defect"
1528132,"defect"
1528134,"defect"
1528135,"defect"
1528137,"defect"
1528139,"defect"
1528140,"defect"
1528141,"defect"
1528142,"task"
1528143,"defect"
1528144,"defect"
1528145,"task"
1528146,"task"
1528151,"task"
1528152,"defect"
1528154,"defect"
1528157,"task"
1528158,"defect"
1528159,"defect"
1528160,"defect"
1528164,"defect"
1528165,"defect"
1528167,"defect"
1528168,"defect"
1528169,"defect"
1528170,"defect"
1528171,"defect"
1528172,"task"
1528173,"task"
1528174,"defect"
1528175,"task"
1528176,"task"
1528180,"defect"
1528181,"defect"
1528182,"defect"
1528183,"defect"
1528184,"task"
1528186,"defect"
1528187,"task"
1528188,"defect"
1528189,"defect"
1528190,"defect"
1528191,"defect"
1528193,"defect"
1528195,"defect"
1528196,"task"
1528200,"defect"
1528202,"defect"
1528203,"defect"
1528205,"defect"
1528206,"task"
1528209,"task"
1528210,"task"
1528211,"task"
1528213,"task"
1528219,"defect"
1528223,"defect"
1528225,"defect"
1528227,"task"
1528230,"defect"
1528231,"defect"
1528233,"task"
1528239,"defect"
1528240,"defect"
1528242,"defect"
1528244,"defect"
1528245,"defect"
1528246,"task"
1528247,"defect"
1528248,"defect"
1528250,"defect"
1528251,"defect"
1528252,"defect"
1528253,"defect"
1528255,"defect"
1528256,"defect"
1528257,"enhancement"
1528259,"defect"
1528260,"task"
1528261,"defect"
1528262,"defect"
1528263,"defect"
1528264,"defect"
1528265,"defect"
1528267,"defect"
1528268,"task"
1528269,"task"
1528270,"task"
1528271,"defect"
1528272,"task"
1528276,"defect"
1528281,"defect"
1528283,"task"
1528284,"task"
1528285,"task"
1528286,"task"
1528288,"enhancement"
1528289,"defect"
1528290,s
1528292,"defect"
1528294,"task"
1528295,"task"
1528296,"task"
1528299,"defect"
1528300,"task"
1528301,"task"
1528302,"task"
1528305,"defect"
1528306,"defect"
1528307,"defect"
1528308,"task"
1528309,"defect"
1528312,"defect"
1528317,"defect"
1528318,"task"
1528319,"defect"
1528320,"defect"
1528322,"task"
1528323,"task"
1528328,"task"
1528330,"task"
1528332,"task"
1528336,"task"
1528338,"task"
1528341,"defect"
1528343,"enhancement"
1528345,"defect"
1528347,"defect"
1528348,"defect"
1528349,"task"
1528352,"defect"
1528353,"task"
1528359,"defect"
1528360,"task"
1528365,"defect"
1528369,"task"
1528372,"defect"
1528373,"task"
1528375,"task"
1528376,"defect"
1528377,"defect"
1528378,"defect"
1528383,"task"
1528385,"defect"
1528386,"task"
1528387,"task"
1528389,"defect"
1528390,"defect"
1528391,"defect"
1528394,"task"
1528395,"defect"
1528396,"task"
1528397,"task"
1528398,"defect"
1528399,"defect"
1528400,"defect"
1528401,"defect"
1528404,"defect"
1528408,"enhancement"
1528409,"task"
1528410,"task"
1528412,"defect"
1528413,"defect"
1528414,"task"
1528415,"defect"
1528416,"task"
1528417,"task"
1528418,"defect"
1528419,"task"
1528420,"task"
1528426,"task"
1528428,"task"
1528429,"defect"
1528430,"defect"
1528431,"defect"
1528433,"defect"
1528434,"defect"
1528436,"defect"
1528439,"defect"
1528441,"defect"
1528442,"defect"
1528444,"defect"
1528446,"defect"
1528447,"task"
1528448,"task"
1528449,"task"
1528451,"defect"
1528452,"task"
1528453,"defect"
1528455,"task"
1528456,"defect"
1528457,"defect"
1528459,"defect"
1528460,"defect"
1528464,"task"
1528465,"defect"
1528467,"defect"
1528468,"defect"
1528469,"task"
1528470,"defect"
1528473,"defect"
1528474,"defect"
1528475,"defect"
1528477,"defect"
1528479,"defect"
1528480,"defect"
1528483,"defect"
1528486,"defect"
1528489,"defect"
1528490,"defect"
1528492,"task"
1528493,"task"
1528494,"defect"
1528497,"defect"
1528498,"defect"
1528501,"defect"
1528502,"task"
1528503,"defect"
1528505,"defect"
1528507,"defect"
1528510,"defect"
1528513,"defect"
1528514,"defect"
1528515,"defect"
1528516,"defect"
1528517,"defect"
1528518,"defect"
1528519,"defect"
1528520,"defect"
1528522,"defect"
1528523,"defect"
1528524,"defect"
1528525,"defect"
1528526,"defect"
1528527,"defect"
1528528,"defect"
1528529,"defect"
1528530,"defect"
1528531,"defect"
1528532,"defect"
1528533,"defect"
1528534,"defect"
1528535,"defect"
1528536,"defect"
1528537,"defect"
1528538,"defect"
1528539,"defect"
1528540,"defect"
1528541,"defect"
1528542,"defect"
1528543,"defect"
1528544,"defect"
1528545,"defect"
1528546,"defect"
1528547,"defect"
1528548,"defect"
1528549,"defect"
1528550,"defect"
1528551,"defect"
1528552,"defect"
1528553,"defect"
1528554,"defect"
1528556,"defect"
1528557,"defect"
1528558,"defect"
1528559,"defect"
1528560,"defect"
1528562,"defect"
1528563,"task"
1528564,"defect"
1528566,"defect"
1528567,"defect"
1528568,"defect"
1528570,"defect"
1528571,"defect"
1528573,"defect"
1528575,"task"
1528580,"defect"
1528581,"defect"
1528582,"task"
1528584,"defect"
1528586,"task"
1528589,"task"
1528590,"defect"
1528591,"defect"
1528592,"defect"
1528593,"task"
1528594,"defect"
1528595,"defect"
1528596,"task"
1528597,"defect"
1528598,"enhancement"
1528599,"task"
1528600,"task"
1528602,"defect"
1528603,"defect"
1528604,"enhancement"
1528605,"task"
1528606,"defect"
1528607,"defect"
1528608,"defect"
1528609,"task"
1528610,"defect"
1528611,"defect"
1528612,"defect"
1528613,"defect"
1528614,"task"
1528616,"defect"
1528620,"defect"
1528622,"task"
1528623,"task"
1528624,"defect"
1528628,"task"
1528631,"defect"
1528632,"defect"
1528633,"defect"
1528634,"defect"
1528635,"defect"
1528636,"task"
1528637,"defect"
1528638,"defect"
1528639,"task"
1528640,"task"
1528641,"enhancement"
1528644,"defect"
1528645,"defect"
1528646,"defect"
1528647,"defect"
1528649,"task"
1528652,"defect"
1528654,"defect"
1528656,"defect"
1528657,"defect"
1528661,"task"
1528663,"task"
1528666,"enhancement"
1528667,"task"
1528669,"enhancement"
1528670,"enhancement"
1528671,"enhancement"
1528672,"defect"
1528673,"defect"
1528674,"defect"
1528675,"defect"
1528676,"task"
1528677,"task"
1528678,"enhancement"
1528679,"enhancement"
1528682,"task"
1528683,"task"
1528684,"defect"
1528685,"defect"
1528686,"defect"
1528687,"defect"
1528688,"defect"
1528689,"defect"
1528690,"defect"
1528692,"defect"
1528693,"task"
1528694,"defect"
1528695,"task"
1528696,"defect"
1528697,"task"
1528699,"defect"
1528700,"task"
1528703,"defect"
1528704,"task"
1528705,"task"
1528706,"task"
1528708,"defect"
1528709,"task"
1528711,"task"
1528712,"task"
1528713,"defect"
1528714,"defect"
1528715,"defect"
1528716,"task"
1528717,"defect"
1528718,"defect"
1528719,"task"
1528721,"task"
1528722,"task"
1528723,"defect"
1528724,"defect"
1528725,"task"
1528726,"task"
1528727,"task"
1528728,"task"
1528729,"defect"
1528730,"task"
1528732,"task"
1528733,"defect"
1528734,"defect"
1528736,"task"
1528738,"task"
1528739,"task"
1528741,"task"
1528742,"task"
1528743,"defect"
1528744,"task"
1528746,"task"
1528747,"defect"
1528748,"defect"
1528749,"defect"
1528752,"task"
1528753,"task"
1528756,"defect"
1528757,"task"
1528758,"defect"
1528759,"task"
1528760,"defect"
1528761,"task"
1528762,"defect"
1528763,"defect"
1528766,"task"
1528767,"defect"
1528768,"task"
1528769,"defect"
1528770,"task"
1528771,"defect"
1528772,"task"
1528773,"defect"
1528774,"task"
1528775,"task"
1528776,"defect"
1528777,"task"
1528779,"task"
1528780,"task"
1528781,"enhancement"
1528782,"task"
1528783,"task"
1528784,"defect"
1528787,"defect"
1528788,"defect"
1528789,"defect"
1528790,"defect"
1528791,"task"
1528792,"task"
1528794,"defect"
1528795,"defect"
1528797,"task"
1528798,"task"
1528799,"task"
1528800,"task"
1528801,"task"
1528803,"task"
1528805,"task"
1528806,"defect"
1528807,"task"
1528808,"task"
1528809,"task"
1528810,"task"
1528812,"task"
1528814,"task"
1528817,"task"
1528818,"defect"
1528819,"defect"
1528820,"defect"
1528822,"defect"
1528823,"defect"
1528827,"defect"
1528828,"task"
1528834,"task"
1528835,"defect"
1528837,"task"
1528838,"defect"
1528839,"defect"
1528841,"task"
1528842,"defect"
1528844,"task"
1528845,"defect"
1528846,"task"
1528850,"enhancement"
1528851,"defect"
1528853,"task"
1528854,"task"
1528855,"task"
1528856,"task"
1528857,"task"
1528858,"defect"
1528859,"task"
1528861,"defect"
1528863,"defect"
1528864,"defect"
1528865,"defect"
1528866,"task"
1528867,"task"
1528868,"task"
1528869,"task"
1528873,"defect"
1528875,"defect"
1528876,"task"
1528878,"defect"
1528879,"enhancement"
1528880,"defect"
1528881,"task"
1528882,"defect"
1528883,"task"
1528885,"defect"
1528887,"task"
1528888,"task"
1528889,"defect"
1528890,"defect"
1528894,"task"
1528895,"defect"
1528896,"defect"
1528898,"defect"
1528901,"defect"
1528902,"defect"
1528903,"defect"
1528910,"task"
1528912,"task"
1528913,"defect"
1528914,"task"
1528916,"task"
1528917,"defect"
1528919,"task"
1528920,"defect"
1528921,"defect"
1528928,"defect"
1528931,"task"
1528933,"defect"
1528934,"task"
1528935,"task"
1528936,"defect"
1528937,"task"
1528940,"task"
1528941,"defect"
1528942,"defect"
1528943,"defect"
1528944,"defect"
1528946,"defect"
1528947,"defect"
1528948,"task"
1528949,"task"
1528952,"enhancement"
1528953,"enhancement"
1528954,"task"
1528955,"enhancement"
1528956,"defect"
1528957,"defect"
1528959,"task"
1528960,"defect"
1528961,"defect"
1528964,"task"
1528966,"task"
1528968,"defect"
1528969,"defect"
1528970,"defect"
1528971,"task"
1528973,"task"
1528974,"defect"
1528975,"enhancement"
1528976,"task"
1528977,"defect"
1528978,"task"
1528979,"task"
1528981,"task"
1528982,"defect"
1528983,"task"
1528984,"defect"
1528986,"task"
1528987,"task"
1528992,"task"
1528993,"defect"
1528995,"task"
1528998,"defect"
1528999,"defect"
1529001,"task"
1529002,"defect"
1529003,"task"
1529004,"task"
1529005,"task"
1529006,"task"
1529007,"task"
1529008,"enhancement"
1529016,"task"
1529018,"task"
1529019,"task"
1529020,"defect"
1529022,"task"
1529023,"task"
1529024,"defect"
1529025,"defect"
1529028,"defect"
1529031,"task"
1529034,"defect"
1529035,"defect"
1529036,"defect"
1529039,"defect"
1529041,"defect"
1529043,"task"
1529044,"defect"
1529045,"task"
1529051,"task"
1529053,"task"
1529054,"task"
1529055,"task"
1529056,"task"
1529058,"task"
1529059,"task"
1529060,"task"
1529061,"task"
1529068,"task"
1529070,"defect"
1529071,"task"
1529072,"task"
1529073,"defect"
1529074,"defect"
1529076,"task"
1529078,"task"
1529080,"task"
1529087,"task"
1529088,"task"
1529089,"task"
1529091,"task"
1529092,"task"
1529093,"task"
1529096,"task"
1529097,"defect"
1529098,"defect"
1529099,"defect"
1529103,"task"
1529104,"defect"
1529105,"task"
1529106,"defect"
1529107,"defect"
1529108,"defect"
1529110,"defect"
1529111,"defect"
1529112,"task"
1529114,"defect"
1529116,"defect"
1529117,"task"
1529120,"defect"
1529121,"defect"
1529122,"defect"
1529125,"defect"
1529126,"task"
1529127,"task"
1529128,"enhancement"
1529131,"enhancement"
1529132,"defect"
1529133,"task"
1529135,"task"
1529137,"defect"
1529138,"defect"
1529141,"defect"
1529143,"defect"
1529145,"defect"
1529147,"task"
1529148,"task"
1529149,"defect"
1529151,"defect"
1529152,"defect"
1529153,"task"
1529155,"defect"
1529157,"defect"
1529158,"defect"
1529159,"defect"
1529160,"defect"
1529162,"defect"
1529163,"defect"
1529164,"defect"
1529166,"defect"
1529167,"defect"
1529168,"defect"
1529170,"defect"
1529171,"task"
1529173,"task"
1529174,"defect"
1529177,"task"
1529178,"defect"
1529179,"defect"
1529180,"defect"
1529181,"defect"
1529182,"defect"
1529183,"defect"
1529184,"defect"
1529187,"defect"
1529190,"defect"
1529192,"defect"
1529193,"defect"
1529196,"defect"
1529198,"defect"
1529199,j"defect"
1529202,"defect"
1529204,"task"
1529205,"task"
1529208,"task"
1529209,"defect"
1529213,"defect"
1529216,"defect"
1529217,"defect"
1529219,"defect"
1529220,"defect"
1529221,"defect"
1529225,"defect"
1529226,"task"
1529227,"task"
1529229,"task"
1529230,"defect"
1529231,"task"
1529232,"task"
1529233,"task"
1529234,"task"
1529235,"task"
1529236,"defect"
1529237,"task"
1529239,"task"
1529241,"defect"
1529242,"task"
1529245,"task"
1529247,"task"
1529248,"enhancement"
1529249,"defect"
1529250,"defect"
1529251,"defect"
1529252,"task"
1529253,"defect"
1529255,"enhancement"
1529258,"defect"
1529259,"defect"
1529260,"defect"
1529263,"task"
1529265,"defect"
1529266,"defect"
1529267,"defect"
1529268,"defect"
1529271,"defect"
1529272,"task"
1529274,"defect"
1529276,"defect"
1529277,"task"
1529280,"enhancement"
1529281,"task"
1529283,"defect"
1529284,"defect"
1529288,"defect"
1529294,"task"
1529298,"task"
1529299,"task"
1529301,"defect"
1529302,"defect"
1529303,"defect"
1529306,"task"
1529307,"defect"
1529308,"task"
1529309,"task"
1529312,"enhancement"
1529315,"task"
1529316,"defect"
1529317,"defect"
1529319,"defect"
1529321,"defect"
1529323,"enhancement"
1529324,"defect"
1529325,"defect"
1529326,"defect"
1529328,"task"
1529330,"defect"
1529332,"defect"
1529334,"defect"
1529336,"defect"
1529337,"task"
1529338,"task"
1529340,"enhancement"
1529341,"task"
1529343,"defect"
1529345,"task"
1529346,"task"
1529347,"defect"
1529348,"task"
1529349,"defect"
1529351,"defect"
1529352,"task"
1529353,"task"
1529355,"task"
1529357,"defect"
1529363,"defect"
1529364,"task"
1529366,"task"
1529367,"defect"
1529373,"task"
1529374,"defect"
1529376,"task"
1529377,"defect"
1529378,"defect"
1529379,"task"
1529380,"defect"
1529383,"task"
1529386,"task"
1529389,"task"
1529390,"task"
1529391,"enhancement"
1529392,"defect"
1529393,"defect"
1529394,"task"
1529396,"enhancement"
1529398,"task"
1529399,"task"
1529400,"task"
1529401,"defect"
1529403,"task"
1529405,"task"
1529407,"defect"
1529411,"defect"
1529419,"defect"
1529420,"task"
1529422,"task"
1529423,"defect"
1529424,"task"
1529425,"task"
1529427,"task"
1529428,"task"
1529429,"task"
1529431,"task"
1529438,"task"
1529439,"task"
1529440,"task"
1529442,"task"
1529444,"enhancement"
1529446,"defect"
1529448,"task"
1529449,"defect"
1529450,"defect"
1529452,"task"
1529453,"defect"
1529454,"defect"
1529456,"task"
1529457,"defect"
1529458,"task"
1529459,"task"
1529462,"task"
1529464,"task"
1529465,"task"
1529466,"defect"
1529467,"defect"
1529468,"task"
1529469,"defect"
1529470,"defect"
1529471,"defect"
1529473,"defect"
1529475,"defect"
1529478,"task"
1529480,"defect"
1529481,"defect"
1529483,"defect"
1529486,"defect"
1529487,"defect"
1529492,"defect"
1529495,"task"
1529496,"task"
1529497,"task"
1529498,"defect"
1529499,"defect"
1529500,"defect"
1529502,"defect"
1529503,"defect"
1529507,"defect"
1529510,"task"
1529511,"task"
1529514,"defect"
1529517,"task"
1529518,"task"
1529519,"defect"
1529520,"task"
1529521,"defect"
1529522,"defect"
1529523,"defect"
1529524,"defect"
1529529,"defect"
1529530,"defect"
1529531,"task"
1529532,"task"
1529533,"task"
1529534,"task"
1529536,"defect"
1529537,"defect"
1529541,"defect"
1529543,"task"
1529544,"task"
1529545,"task"
1529546,"task"
1529547,"task"
1529548,"task"
1529551,"defect"
1529552,"task"
1529553,"task"
1529554,"task"
1529556,"task"
1529557,"defect"
1529558,"task"
1529559,"defect"
1529560,"task"
1529561,"task"
1529562,"defect"
1529563,"task"
1529564,"task"
1529565,"task"
1529566,"defect"
1529567,"task"
1529569,"task"
1529571,"task"
1529572,"task"
1529573,"task"
1529574,"defect"
1529575,"task"
1529577,"task"
1529578,"defect"
1529580,"defect"
1529581,"task"
1529582,"defect"
1529584,"task"
1529585,"defect"
1529586,"defect"
1529588,"defect"
1529590,"defect"
1529591,"defect"
1529592,"defect"
1529593,"defect"
1529594,"task"
1529595,"task"
1529596,"defect"
1529597,"defect"
1529598,"defect"
1529599,"task"
1529600,"task"
1529603,"defect"
1529604,"defect"
1529605,"enhancement"
1529606,"task"
1529607,"task"
1529609,"defect"
1529610,"task"
1529611,"task"
1529612,"defect"
1529613,"task"
1529614,"defect"
1529615,"defect"
1529616,"defect"
1529618,"defect"
1529619,"defect"
1529621,"task"
1529622,"defect"
1529623,"defect"
1529627,"defect"
1529629,"task"
1529630,"task"
1529634,"task"
1529635,"task"
1529640,"task"
1529642,"defect"
1529643,"task"
1529644,"defect"
1529646,"defect"
1529647,"defect"
1529651,"defect"
1529652,"enhancement"
1529654,"task"
1529657,"task"
1529658,"defect"
1529659,"task"
1529664,"defect"
1529665,"enhancement"
1529668,"enhancement"
1529669,"task"
1529670,"defect"
1529671,"defect"
1529676,"defect"
1529677,"task"
1529678,"defect"
1529679,"defect"
1529680,"task"
1529681,"defect"
1529682,"defect"
1529683,"defect"
1529684,"task"
1529685,"defect"
1529686,"task"
1529687,"task"
1529688,"defect"
1529689,"defect"
1529692,"defect"
1529693,"task"
1529695,"task"
1529696,"task"
1529697,"defect"
1529698,"task"
1529700,"task"
1529701,"defect"
1529702,"enhancement"
1529705,"defect"
1529707,"defect"
1529708,"defect"
1529711,"defect"
1529713,"defect"
1529717,"task"
1529718,"defect"
1529719,"defect"
1529720,"defect"
1529722,"defect"
1529724,"task"
1529726,"task"
1529727,"defect"
1529728,"defect"
1529729,"task"
1529730,"enhancement"
1529731,"task"
1529734,"task"
1529735,"task"
1529737,"task"
1529738,"task"
1529740,"task"
1529741,"task"
1529743,"defect"
1529748,"defect"
1529749,"task"
1529752,"task"
1529753,"defect"
1529755,"task"
1529757,"enhancement"
1529758,"task"
1529761,"task"
1529762,"defect"
1529768,"defect"
1529772,"task"
1529773,"task"
1529775,"task"
1529780,"task"
1529783,"defect"
1529784,"task"
1529786,"defect"
1529787,"task"
1529793,"defect"
1529794,"defect"
1529795,"task"
1529797,"task"
1529800,"task"
1529803,"defect"
1529805,"defect"
1529810,"task"
1529811,"task"
1529813,"task"
1529815,"defect"
1529818,"task"
1529821,"task"
1529822,"defect"
1529823,"task"
1529824,"defect"
1529826,"defect"
1529827,"defect"
1529828,"defect"
1529829,"defect"
1529830,"defect"
1529831,"task"
1529835,"task"
1529836,"task"
1529837,"task"
1529840,"task"
1529841,"defect"
1529845,"task"
1529846,"defect"
1529847,"task"
1529850,"defect"
1529852,"defect"
1529855,"defect"
1529856,"defect"
1529858,"defect"
1529859,"defect"
1529860,"task"
1529863,"task"
1529865,"defect"
1529866,"enhancement"
1529867,"defect"
1529869,"task"
1529870,"defect"
1529873,"task"
1529874,"task"
1529877,"task"
1529878,"defect"
1529879,"defect"
1529880,"defect"
1529881,"defect"
1529882,"defect"
1529883,"task"
1529884,"task"
1529885,"defect"
1529887,"task"
1529888,"defect"
1529890,"defect"
1529891,"defect"
1529892,"defect"
1529893,"task"
1529896,"defect"
1529897,"defect"
1529898,"enhancement"
1529899,"defect"
1529900,"defect"
1529901,"defect"
1529902,"task"
1529903,"defect"
1529904,"defect"
1529906,"defect"
1529907,"defect"
1529908,"defect"
1529909,"task"
1529910,"defect"
1529911,"task"
1529912,"defect"
1529913,"defect"
1529916,"task"
1529917,"task"
1529922,"task"
1529924,"task"
1529926,"task"
1529927,"task"
1529928,"defect"
1529931,"defect"
1529934,"task"
1529935,"defect"
1529939,"task"
1529940,"defect"
1529942,"task"
1529943,"task"
1529944,"task"
1529946,"defect"
1529949,"task"
1529950,"task"
1529952,"task"
1529953,"task"
1529954,"task"
1529955,"task"
1529956,"defect"
1529957,"defect"
1529959,"defect"
1529962,"defect"
1529968,"defect"
1529969,"task"
1529970,"defect"
1529973,"enhancement"
1529977,"task"
1529979,"task"
1529981,"task"
1529982,"defect"
1529983,"task"
1529987,"defect"
1529991,"defect"
1529992,"defect"
1529993,"defect"
1529994,"defect"
1529995,"defect"
1529997,"defect"
1529999,"defect"
1530000,"defect"
1530001,"defect"
1530003,"defect"
1530005,"defect"
1530011,"defect"
1530012,"defect"
1530013,"defect"
1530015,"task"
1530018,"defect"
1530019,"defect"
1530020,"enhancement"
1530021,"defect"
1530023,"defect"
1530024,"defect"
1530025,"task"
1530026,"defect"
1530027,"task"
1530028,"task"
1530029,"enhancement"
1530031,"defect"
1530032,"defect"
1530034,"task"
1530035,"task"
1530036,"defect"
1530037,"defect"
1530040,"defect"
1530041,"defect"
1530045,"defect"
1530048,"defect"
1530049,"defect"
1530050,"defect"
1530052,"task"
1530055,"defect"
1530056,"defect"
1530059,"defect"
1530060,"defect"
1530061,"defect"
1530062,"defect"
1530064,"defect"
1530068,"defect"
1530070,"defect"
1530071,"defect"
1530073,"task"
1530076,"task"
1530077,"defect"
1530078,"defect"
1530079,"defect"
1530081,"defect"
1530082,"defect"
1530083,"defect"
1530084,"defect"
1530086,"defect"
1530087,"task"
1530093,"defect"
1530095,"defect"
1530097,"enhancement"
1530098,"task"
1530100,"defect"
1530101,"task"
1530102,"task"
1530104,"defect"
1530105,"defect"
1530107,"defect"
1530108,"defect"
1530113,"defect"
1530114,"defect"
1530118,"defect"
1530119,"defect"
1530120,"defect"
1530121,"defect"
1530124,"defect"
1530125,"task"
1530126,"task"
1530128,"defect"
1530129,"defect"
1530130,"defect"
1530131,"defect"
1530132,"defect"
1530133,"task"
1530134,"task"
1530136,"defect"
1530137,"task"
1530138,"enhancement"
1530140,"task"
1530141,"defect"
1530142,"task"
1530143,"defect"
1530145,"task"
1530147,"defect"
1530163,"defect"
1530168,"defect"
1530173,"defect"
1530177,"defect"
1530178,"defect"
1530179,"task"
1530180,"defect"
1530181,"task"
1530182,"task"
1530183,"task"
1530184,"defect"
1530185,"defect"
1530186,"defect"
1530187,"defect"
1530188,"defect"
1530189,"defect"
1530190,"defect"
1530192,"defect"
1530193,"task"
1530194,"task"
1530195,"defect"
1530197,"defect"
1530198,"defect"
1530199,"task"
1530201,"defect"
1530202,"defect"
1530205,"defect"
1530208,"defect"
1530209,"task"
1530211,"defect"
1530212,"defect"
1530218,"defect"
1530219,"defect"
1530220,"defect"
1530222,"defect"
1530223,"defect"
1530225,"defect"
1530227,"defect"
1530229,"task"
1530230,"defect"
1530232,"defect"
1530234,"defect"
1530235,"defect"
1530238,"task"
1530239,"defect"
1530240,"task"
1530241,"task"
1530242,"task"
1530245,"task"
1530246,"defect"
1530247,"task"
1530250,"task"
1530251,"task"
1530252,"defect"
1530253,"enhancement"
1530255,"enhancement"
1530257,"defect"
1530260,"defect"
1530261,"defect"
1530262,"defect"
1530265,"task"
1530266,"task"
1530268,"defect"
1530269,"defect"
1530270,"defect"
1530273,"task"
1530275,"task"
1530276,"task"
1530277,"task"
1530278,"defect"
1530279,"task"
1530280,"defect"
1530281,"task"
1530282,"task"
1530283,"task"
1530284,"task"
1530285,"task"
1530286,"defect"
1530288,"defect"
1530289,"defect"
1530291,"task"
1530292,"defect"
1530293,"defect"
1530294,"defect"
1530295,"defect"
1530296,"task"
1530298,"task"
1530299,"task"
1530301,"defect"
1530302,"defect"
1530303,"defect"
1530304,"defect"
1530305,"defect"
1530306,"defect"
1530307,"defect"
1530308,"defect"
1530310,"task"
1530311,"defect"
1530312,"task"
1530315,"defect"
1530316,"enhancement"
1530317,"task"
1530318,"defect"
1530319,"task"
1530320,"task"
1530321,"defect"
1530322,"defect"
1530323,"defect"
1530324,"defect"
1530325,"defect"
1530326,"defect"
1530327,"task"
1530328,"defect"
1530329,"defect"
1530330,"defect"
1530332,"defect"
1530333,"defect"
1530334,"task"
1530335,"defect"
1530336,"defect"
1530338,"task"
1530341,"task"
1530342,"defect"
1530345,"defect"
1530346,"task"
1530347,"task"
1530348,"task"
1530351,"defect"
1530355,"defect"
1530359,"task"
1530360,"task"
1530361,"defect"
1530362,"task"
1530363,"task"
1530364,"defect"
1530365,"task"
1530366,"defect"
1530367,"defect"
1530368,"enhancement"
1530369,"task"
1530370,"enhancement"
1530371,"task"
1530372,"task"
1530373,"enhancement"
1530374,"defect"
1530375,"defect"
1530378,"defect"
1530379,"defect"
1530380,"defect"
1530381,"task"
1530382,"defect"
1530384,"defect"
1530385,"defect"
1530386,"defect"
1530387,"defect"
1530388,"defect"
1530389,"defect"
1530393,"defect"
1530394,"defect"
1530395,"task"
1530396,"task"
1530397,"defect"
1530403,"task"
1530404,"task"
1530405,"task"
1530406,"task"
1530407,"defect"
1530408,"defect"
1530410,"defect"
1530412,"task"
1530413,"task"
1530415,"task"
1530416,"defect"
1530419,"defect"
1530420,"task"
1530421,"task"
1530422,"defect"
1530423,"defect"
1530426,"defect"
1530428,"defect"
1530429,"defect"
1530430,"defect"
1530431,"task"
1530433,"enhancement"
1530435,"task"
1530438,"task"
1530439,"defect"
1530441,"task"
1530445,"task"
1530451,"task"
1530452,"task"
1530453,"defect"
1530454,"enhancement"
1530455,"enhancement"
1530458,"defect"
1530462,"defect"
1530464,"defect"
1530465,"enhancement"
1530467,"enhancement"
1530468,"defect"
1530469,"defect"
1530471,"task"
1530472,"defect"
1530473,"enhancement"
1530477,"defect"
1530478,"defect"
1530479,"task"
1530480,"defect"
1530481,"task"
1530484,"task"
1530488,"task"
1530489,"defect"
1530492,"defect"
1530495,"defect"
1530500,"task"
1530505,"defect"
1530506,"task"
1530507,"task"
1530508,"task"
1530511,"defect"
1530513,"task"
1530515,"defect"
1530518,"task"
1530519,"defect"
1530522,"defect"
1530525,"defect"
1530527,"defect"
1530530,"defect"
1530531,"defect"
1530535,"defect"
1530536,"defect"
1530538,"defect"
1530539,"task"
1530541,"enhancement"
1530545,"task"
1530546,"task"
1530547,"defect"
1530548,"defect"
1530549,"defect"
1530550,"defect"
1530552,"task"
1530553,"task"
1530554,"defect"
1530555,"task"
1530557,"defect"
1530558,"defect"
1530559,"task"
1530560,"task"
1530561,"defect"
1530563,"defect"
1530564,"task"
1530565,"enhancement"
1530566,"defect"
1530570,"enhancement"
1530571,"task"
1530572,"enhancement"
1530573,"task"
1530574,"defect"
1530575,"task"
1530576,"defect"
1530577,"defect"
1530579,"defect"
1530581,"defect"
1530583,"task"
1530584,"defect"
1530585,"task"
1530588,"task"
1530590,"task"
1530591,"task"
1530592,"defect"
1530594,"defect"
1530595,"defect"
1530598,"defect"
1530599,"defect"
1530601,"defect"
1530603,"defect"
1530604,"defect"
1530605,"defect"
1530608,"task"
1530610,"defect"
1530611,"defect"
1530612,"task"
1530615,"defect"
1530616,"defect"
1530617,"enhancement"
1530618,"defect"
1530621,"defect"
1530623,"defect"
1530624,"defect"
1530625,"task"
1530626,"defect"
1530627,"defect"
1530628,"task"
1530630,"defect"
1530632,"enhancement"
1530633,"defect"
1530634,"defect"
1530637,"defect"
1530638,"defect"
1530640,"task"
1530641,"defect"
1530642,"task"
1530643,"defect"
1530645,"defect"
1530646,"defect"
1530647,"defect"
1530648,"task"
1530649,"defect"
1530652,"defect"
1530654,"task"
1530655,"task"
1530656,"task"
1530657,"defect"
1530658,"defect"
1530659,"defect"
1530660,"defect"
1530661,"task"
1530662,"task"
1530664,"defect"
1530665,"defect"
1530666,"defect"
1530667,"defect"
1530668,"defect"
1530669,"defect"
1530673,"defect"
1530675,"enhancement"
1530676,"defect"
1530678,"defect"
1530679,"defect"
1530681,"defect"
1530683,"defect"
1530685,"task"
1530688,"defect"
1530689,"defect"
1530691,"defect"
1530693,"defect"
1530695,"defect"
1530697,"defect"
1530699,"defect"
1530700,"defect"
1530702,"enhancement"
1530704,"defect"
1530706,"defect"
1530709,"defect"
1530711,"defect"
1530712,"task"
1530713,"enhancement"
1530714,"defect"
1530715,"task"
1530716,"defect"
1530718,"task"
1530720,"defect"
1530724,"defect"
1530725,"defect"
1530730,"defect"
1530731,"defect"
1530733,"defect"
1530734,"defect"
1530735,"enhancement"
1530740,"task"
1530741,"task"
1530742,"defect"
1530745,"task"
1530746,"task"
1530749,"task"
1530750,"defect"
1530751,"enhancement"
1530752,"defect"
1530753,"defect"
1530754,"task"
1530755,"defect"
1530756,"defect"
1530759,"defect"
1530761,"task"
1530762,"task"
1530764,"defect"
1530765,"task"
1530766,"defect"
1530767,"task"
1530771,"defect"
1530773,"task"
1530774,"task"
1530777,"task"
1530778,"task"
1530781,"task"
1530783,"task"
1530784,"defect"
1530785,"task"
1530787,"task"
1530788,"defect"
1530791,"defect"
1530792,"defect"
1530793,"defect"
1530796,"defect"
1530797,"defect"
1530799,"task"
1530800,"defect"
1530801,"task"
1530803,"defect"
1530808,"task"
1530809,"task"
1530810,"defect"
1530814,"task"
1530815,"defect"
1530816,"defect"
1530818,"defect"
1530822,"defect"
1530823,"defect"
1530826,"task"
1530828,"task"
1530829,"defect"
1530831,"task"
1530832,"task"
1530833,"defect"
1530835,"defect"
1530836,"defect"
1530837,"task"
1530838,"defect"
1530839,"task"
1530841,"task"
1530842,"defect"
1530843,"defect"
1530844,"task"
1530845,"task"
1530847,"task"
1530848,"task"
1530850,"task"
1530852,"task"
1530854,"task"
1530856,"task"
1530857,"task"
1530858,"task"
1530860,"task"
1530861,"defect"
1530862,"defect"
1530863,"defect"
1530865,"task"
1530866,"defect"
1530867,"task"
1530870,"defect"
1530871,"defect"
1530874,"defect"
1530875,"defect"
1530876,"defect"
1530878,"defect"
1530879,"task"
1530881,"defect"
1530882,"defect"
1530883,"defect"
1530884,"defect"
1530885,"defect"
1530887,"defect"
1530889,"defect"
1530890,"defect"
1530891,"defect"
1530893,"defect"
1530894,"defect"
1530895,"defect"
1530896,"task"
1530897,"defect"
1530900,"defect"
1530901,"task"
1530905,"task"
1530906,"enhancement"
1530911,"task"
1530914,"enhancement"
1530915,"task"
1530916,"task"
1530917,"defect"
1530918,"defect"
1530920,"defect"
1530921,"defect"
1530923,"defect"
1530924,"defect"
1530925,"enhancement"
1530926,"defect"
1530927,"defect"
1530928,"task"
1530929,"defect"
1530930,"defect"
1530931,"defect"
1530932,"task"
1530933,"defect"
1530934,"defect"
1530935,"defect"
1530936,"enhancement"
1530937,"task"
1530939,"defect"
1530943,"defect"
1530944,"defect"
1530947,"task"
1530948,"defect"
1530949,"defect"
1530951,"defect"
1530956,"defect"
1530957,"defect"
1530960,"task"
1530961,"defect"
1530962,"defect"
1530963,"defect"
1530970,"defect"
1530971,"defect"
1530972,"defect"
1530974,"defect"
1530976,"task"
1530977,"defect"
1530978,"defect"
1530979,"task"
1530981,"task"
1530983,"task"
1530985,"defect"
1530986,"defect"
1530987,"defect"
1530989,"defect"
1530990,"task"
1530991,"task"
1530993,"defect"
1530994,"enhancement"
1530995,"defect"
1530996,"task"
1530997,"task"
1530998,"defect"
1530999,"task"
1531000,"defect"
1531002,"defect"
1531003,"defect"
1531007,"task"
1531008,"task"
1531009,"defect"
1531011,"task"
1531012,"task"
1531013,"task"
1531014,"defect"
1531015,"defect"
1531016,"defect"
1531019,"task"
1531020,"defect"
1531022,"defect"
1531024,"defect"
1531025,"defect"
1531027,"task"
1531028,"task"
1531029,"defect"
1531030,"defect"
1531031,"defect"
1531033,"defect"
1531034,"task"
1531035,"defect"
1531037,"defect"
1531038,"task"
1531039,"task"
1531041,"defect"
1531042,"enhancement"
1531045,"task"
1531046,"defect"
1531047,"defect"
1531049,"task"
1531053,"enhancement"
1531055,"task"
1531056,"task"
1531057,"defect"
1531058,"defect"
1531060,"defect"
1531062,"defect"
1531068,"defect"
1531069,"task"
1531070,"defect"
1531071,"defect"
1531073,"task"
1531074,"defect"
1531075,"defect"
1531077,"defect"
1531078,"defect"
1531080,"task"
1531083,"task"
1531084,"task"
1531085,"task"
1531086,"task"
1531087,"enhancement"
1531088,"defect"
1531090,"defect"
1531091,"defect"
1531092,"task"
1531094,"defect"
1531095,"task"
1531097,"defect"
1531098,"defect"
1531099,"task"
1531100,"task"
1531101,"enhancement"
1531102,"defect"
1531103,"defect"
1531104,"enhancement"
1531106,"task"
1531107,"defect"
1531109,"defect"
1531110,"task"
1531112,"defect"
1531113,"defect"
1531114,"task"
1531118,"defect"
1531119,"task"
1531122,"defect"
1531123,"defect"
1531126,"defect"
1531128,"task"
1531129,"defect"
1531130,"defect"
1531131,"defect"
1531132,"defect"
1531134,"task"
1531135,"task"
1531136,"defect"
1531137,"defect"
1531138,"defect"
1531142,"defect"
1531143,"defect"
1531144,"task"
1531146,"task"
1531148,"defect"
1531150,"defect"
1531152,"defect"
1531153,"defect"
1531154,"defect"
1531155,"task"
1531156,"defect"
1531158,"defect"
1531159,"enhancement"
1531160,"defect"
1531161,"defect"
1531163,"enhancement"
1531164,"enhancement"
1531168,"defect"
1531170,"defect"
1531171,"defect"
1531173,"task"
1531174,"enhancement"
1531175,"defect"
1531182,"defect"
1531183,"defect"
1531185,"defect"
1531186,"defect"
1531188,"defect"
